"種類","年月","業者名稱","通話分鐘數（分）","用戶數","平均用戶通話分鐘數（分）"
"行動寬頻","110/1","中華電信股份有限公司","455,159,232 ","10,546,350 ","43.16 "
"行動寬頻","110/1","台灣大哥大股份有限公司","159,394,512 ","7,115,023 ","22.40 "
"行動寬頻","110/1","台灣之星股份有限公司","52,901,567 ","2,549,027 ","20.75 "
"行動寬頻","110/1","亞太電信股份有限公司","40,901,852 ","2,041,783 ","20.03 "
"行動寬頻","110/1","遠傳電信股份有限公司","187,770,041 ","7,064,440 ","26.58 "
"行動寬頻","109/11","中華電信股份有限公司","439,472,549 ","10,535,492 ","41.71 "
"行動寬頻","109/11","台灣大哥大股份有限公司","155,166,951 ","7,112,732 ","21.82 "
"行動寬頻","109/11","台灣之星股份有限公司","52,649,527 ","2,503,486 ","21.03 "
"行動寬頻","109/11","亞太電信股份有限公司","40,531,296 ","2,033,157 ","19.94 "
"行動寬頻","109/11","遠傳電信股份有限公司","182,570,751 ","7,087,424 ","25.76 "
"行動寬頻","109/10","中華電信股份有限公司","454,234,608 ","10,572,834 ","42.96 "
"行動寬頻","109/10","台灣大哥大股份有限公司","156,253,682 ","7,111,067 ","21.97 "
"行動寬頻","109/10","台灣之星股份有限公司","52,033,950 ","2,463,832 ","21.12 "
"行動寬頻","109/10","亞太電信股份有限公司","40,232,234 ","2,036,402 ","19.76 "
"行動寬頻","109/10","遠傳電信股份有限公司","187,707,024 ","7,067,975 ","26.56 "
"行動寬頻","109/9","中華電信股份有限公司","460,572,131 ","10,576,788 ","43.55 "
"行動寬頻","109/9","台灣大哥大股份有限公司","160,182,848 ","7,096,980 ","22.57 "
"行動寬頻","109/9","台灣之星股份有限公司","53,995,068 ","2,438,502 ","22.14 "
"行動寬頻","109/9","亞太電信股份有限公司","42,394,871 ","2,036,092 ","20.82 "
"行動寬頻","109/9","遠傳電信股份有限公司","191,774,340 ","7,058,438 ","27.17 "
"行動寬頻","109/8","中華電信股份有限公司","490,101,997 ","10,555,342 ","46.43 "
"行動寬頻","109/8","台灣大哥大股份有限公司","163,661,381 ","7,089,905 ","23.08 "
"行動寬頻","109/8","台灣之星股份有限公司","55,938,737 ","2,425,267 ","23.06 "
"行動寬頻","109/8","亞太電信股份有限公司","42,992,097 ","2,035,230 ","21.12 "
"行動寬頻","109/8","遠傳電信股份有限公司","195,126,767 ","7,050,283 ","27.68 "
"4G(含5G)","109/7","中華電信股份有限公司","466,208,123 ","10,526,008 ","44.29 "
"4G(含5G)","109/7","台灣大哥大股份有限公司","172,199,028 ","7,096,154 ","24.27 "
"4G","109/7","台灣之星股份有限公司","59,031,770 ","2,423,875 ","24.35 "
"4G","109/7","亞太電信股份有限公司","46,236,767 ","2,032,720 ","22.75 "
"4G","109/7","遠傳電信股份有限公司","204,845,330 ","7,045,779 ","29.07 "
"4G","109/6","中華電信股份有限公司","476,983,462 ","10,495,207 ","45.45 "
"4G","109/6","台灣大哥大股份有限公司","164,253,708 ","7,094,514 ","23.15 "
"4G","109/6","台灣之星股份有限公司","55,298,917 ","2,401,717 ","23.02 "
"4G","109/6","亞太電信股份有限公司","43,865,616 ","2,031,855 ","21.59 "
"4G","109/6","遠傳電信股份有限公司","195,711,115 ","7,051,965 ","27.75 "
"4G","109/5","中華電信股份有限公司","475,884,585 ","10,494,008 ","45.35 "
"4G","109/5","台灣大哥大股份有限公司","167,182,291 ","7,092,196 ","23.57 "
"4G","109/5","台灣之星股份有限公司","56,094,012 ","2,392,431 ","23.45 "
"4G","109/5","亞太電信股份有限公司","45,245,622 ","2,031,671 ","22.27 "
"4G","109/5","遠傳電信股份有限公司","199,926,485 ","7,052,558 ","28.35 "
"4G","109/4","中華電信股份有限公司","490,508,813 ","10,498,122 ","46.72 "
"4G","109/4","台灣大哥大股份有限公司","159,679,907 ","7,088,063 ","22.53 "
"4G","109/4","台灣之星股份有限公司","53,106,718 ","2,370,759 ","22.40 "
"4G","109/4","亞太電信股份有限公司","43,862,226 ","2,033,249 ","21.57 "
"4G","109/4","遠傳電信股份有限公司","192,687,727 ","7,072,304 ","27.25 "
"4G","109/3","中華電信股份有限公司","440,783,085 ","11,014,668 ","40.02 "
"4G","109/3","台灣大哥大股份有限公司","169,716,758 ","7,092,127 ","23.93 "
"4G","109/3","台灣之星股份有限公司","55,835,621 ","2,364,234 ","23.62 "
"4G","109/3","亞太電信股份有限公司","46,509,179 ","2,032,180 ","22.89 "
"4G","109/3","遠傳電信股份有限公司","203,494,219 ","7,080,576 ","28.74 "
"4G","109/2","中華電信股份有限公司","449,818,840 ","10,986,270 ","40.94 "
"4G","109/2","台灣大哥大股份有限公司","156,816,737 ","7,073,157 ","22.17 "
"4G","109/2","台灣之星股份有限公司","51,187,547 ","2,353,986 ","21.75 "
"4G","109/2","亞太電信股份有限公司","42,114,369 ","2,031,957 ","20.73 "
"4G","109/2","遠傳電信股份有限公司","187,717,780 ","7,078,397 ","26.52 "
"4G","109/1","中華電信股份有限公司","495,334,455 ","10,652,442 ","46.50 "
"4G","109/1","台灣大哥大股份有限公司","164,950,113 ","7,088,120 ","23.27 "
"4G","109/1","台灣之星股份有限公司","53,172,135 ","2,322,449 ","22.89 "
"4G","109/1","亞太電信股份有限公司","42,393,130 ","2,031,953 ","20.86 "
"4G","109/1","遠傳電信股份有限公司","200,028,768 ","7,083,689 ","28.24 "
"4G","108/12","中華電信股份有限公司","478,125,184 ","10,649,391 ","44.90 "
"4G","108/12","台灣大哥大股份有限公司","175,033,919 ","7,126,817 ","24.56 "
"4G","108/12","台灣之星股份有限公司","56,187,974 ","2,308,250 ","24.34 "
"4G","108/12","亞太電信股份有限公司","47,358,572 ","2,031,449 ","23.31 "
"4G","108/12","遠傳電信股份有限公司","212,632,858 ","7,092,573 ","29.98 "
"4G","108/11","中華電信股份有限公司","498,928,499 ","10,666,410 ","46.78 "
"4G","108/11","台灣大哥大股份有限公司","168,479,087 ","7,153,351 ","23.55 "
"4G","108/11","台灣之星股份有限公司","53,758,789 ","2,281,981 ","23.56 "
"4G","108/11","亞太電信股份有限公司","46,107,146 ","2,028,949 ","22.72 "
"4G","108/11","遠傳電信股份有限公司","205,882,048 ","7,109,883 ","28.96 "
"4G","108/10","中華電信股份有限公司","485,120,541 ","10,659,119 ","45.51 "
"4G","108/10","台灣大哥大股份有限公司","176,374,387 ","7,174,207 ","24.58 "
"4G","108/10","台灣之星股份有限公司","54,705,751 ","2,265,345 ","24.15 "
"4G","108/10","亞太電信股份有限公司","48,557,003 ","2,029,034 ","23.93 "
"4G","108/10","遠傳電信股份有限公司","215,588,928 ","7,137,048 ","30.21 "
"4G","108/9","中華電信股份有限公司","513,550,281 ","10,640,182 ","48.27 "
"4G","108/9","台灣大哥大股份有限公司","172,665,752 ","7,214,846 ","23.93 "
"4G","108/9","台灣之星股份有限公司","55,949,270 ","2,260,902 ","24.75 "
"4G","108/9","亞太電信股份有限公司","47,577,257 ","2,033,148 ","23.40 "
"4G","108/9","遠傳電信股份有限公司","210,626,813 ","7,156,795 ","29.43 "
"4G","108/8","中華電信股份有限公司","530,820,706 ","10,613,121 ","50.02 "
"4G","108/8","台灣大哥大股份有限公司","181,501,317 ","7,224,581 ","25.12 "
"4G","108/8","台灣之星股份有限公司","58,536,659 ","2,250,527 ","26.01 "
"4G","108/8","亞太電信股份有限公司","50,236,431 ","2,034,746 ","24.69 "
"4G","108/8","遠傳電信股份有限公司","220,342,748 ","7,171,995 ","30.72 "
"4G","108/7","中華電信股份有限公司","503,463,129 ","10,609,273 ","47.46 "
"4G","108/7","台灣大哥大股份有限公司","187,149,613 ","7,224,607 ","25.90 "
"4G","108/7","台灣之星股份有限公司","60,259,526 ","2,230,412 ","27.02 "
"4G","108/7","亞太電信股份有限公司","52,790,969 ","2,032,480 ","25.97 "
"4G","108/7","遠傳電信股份有限公司","226,855,182 ","7,180,645 ","31.59 "
"4G","108/6","中華電信股份有限公司","541,464,487 ","10,597,311 ","51.09 "
"4G","108/6","台灣大哥大股份有限公司","177,865,112 ","7,221,752 ","24.63 "
"4G","108/6","台灣之星股份有限公司","58,095,778 ","2,223,797 ","26.12 "
"4G","108/6","亞太電信股份有限公司","50,231,502 ","2,029,655 ","24.75 "
"4G","108/6","遠傳電信股份有限公司","218,188,058 ","7,177,690 ","30.40 "
"4G","108/5","中華電信股份有限公司","520,944,477 ","10,597,742 ","49.16 "
"4G","108/5","台灣大哥大股份有限公司","189,004,500 ","7,249,693 ","26.07 "
"4G","108/5","台灣之星股份有限公司","61,168,361 ","2,214,094 ","27.63 "
"4G","108/5","亞太電信股份有限公司","54,889,372 ","2,024,365 ","27.11 "
"4G","108/5","遠傳電信股份有限公司","232,151,605 ","7,169,501 ","32.38 "
"4G","108/4","中華電信股份有限公司","539,293,248 ","10,577,387 ","50.99 "
"4G","108/4","台灣大哥大股份有限公司","182,039,206 ","7,251,281 ","25.10 "
"4G","108/4","台灣之星股份有限公司","58,459,237 ","2,205,400 ","26.51 "
"4G","108/4","亞太電信股份有限公司","52,902,744 ","2,022,848 ","26.15 "
"4G","108/4","遠傳電信股份有限公司","223,757,908 ","7,175,348 ","31.18 "
"4G","108/3","中華電信股份有限公司","457,956,957 ","10,586,565 ","43.26 "
"4G","108/3","台灣大哥大股份有限公司","187,789,923 ","7,242,212 ","25.93 "
"4G","108/3","台灣之星股份有限公司","60,252,379 ","2,190,038 ","27.51 "
"4G","108/3","亞太電信股份有限公司","54,647,367 ","2,017,051 ","27.09 "
"4G","108/3","遠傳電信股份有限公司","230,609,197 ","7,153,855 ","32.24 "
"4G","108/2","中華電信股份有限公司","578,302,769 ","10,580,711 ","54.66 "
"4G","108/2","台灣大哥大股份有限公司","164,308,481 ","7,235,144 ","22.71 "
"4G","108/2","台灣之星股份有限公司","52,483,456 ","2,180,329 ","24.07 "
"4G","108/2","亞太電信股份有限公司","45,793,101 ","2,008,064 ","22.80 "
"4G","108/2","遠傳電信股份有限公司","200,769,405 ","7,138,461 ","28.13 "
"4G","108/1","中華電信股份有限公司","565,976,648 ","10,584,695 ","53.47 "
"4G","108/1","台灣大哥大股份有限公司","204,006,398 ","7,206,931  ","28.31 "
"4G","108/1","台灣之星股份有限公司","63,479,808 ","2,174,280 ","29.20 "
"4G","108/1","亞太電信股份有限公司","59,632,285 ","2,015,593 ","29.59 "
"4G","108/1","遠傳電信股份有限公司","243,665,894 ","7,080,510 ","34.41 "
"4G","107/12","中華電信股份有限公司","472,569,577 ","9,464,139 ","49.93 "
"4G","107/12","台灣大哥大股份有限公司","186,424,461 ","7,039,352 ","26.48 "
"4G","107/12","台灣之星股份有限公司","60,472,447 ","2,162,606 ","27.96 "
"4G","107/12","亞太電信股份有限公司","57,940,213 ","2,056,823 ","28.17 "
"4G","107/12","遠傳電信股份有限公司","236,417,201 ","6,975,255 ","33.89 "
"3G","107/12","中華電信股份有限公司","88,245,637 ","1,129,880 ","78.10 "
"3G","107/12","台灣大哥大股份有限公司","12,974,433 ","195,033 ","66.52 "
"3G","107/12","台灣之星股份有限公司","1,755,887 ","38 ","46,207.55 "
"3G","107/12","遠傳電信股份有限公司","7,707,573 ","196,839 ","39.16 "
"4G","107/11","台灣大哥大股份有限公司","180,727,864 ","6,883,281 ","26.26 "
"4G","107/11","台灣之星股份有限公司","1,766,589 ","331 ","5,337.13 "
"4G","107/11","台灣之星股份有限公司","59,005,481 ","2,147,214 ","27.48 "
"4G","107/11","亞太電信股份有限公司","57,734,822 ","2,034,541 ","28.38 "
"4G","107/11","遠傳電信股份有限公司","231,982,853 ","6,895,400 ","33.64 "
"3G","107/11","中華電信股份有限公司","92,205,465 ","1,285,507 ","71.73 "
"3G","107/11","中華電信股份有限公司","491,442,359 ","9,296,982 ","52.86 "
"3G","107/11","台灣大哥大股份有限公司","15,645,362 ","343,382 ","45.56 "
"3G","107/11","遠傳電信股份有限公司","9,614,616 ","281,215 ","34.19 "
"4G","107/10","中華電信股份有限公司","477,144,998 ","9,175,773 ","52.00 "
"4G","107/10","台灣大哥大股份有限公司","186,410,818 ","6,798,905 ","27.42 "
"4G","107/10","台灣之星股份有限公司","60,140,425 ","2,126,397 ","28.28 "
"4G","107/10","亞太電信股份有限公司","60,889,652 ","2,027,328 ","30.03 "
"4G","107/10","遠傳電信股份有限公司","240,219,849 ","6,771,355 ","35.48 "
"3G","107/10","中華電信股份有限公司","88,519,446 ","1,391,738 ","63.60 "
"3G","107/10","台灣大哥大股份有限公司","18,347,081 ","438,463 ","41.84 "
"3G","107/10","台灣之星股份有限公司","1,859,988 ","384 ","4,843.72 "
"3G","107/10","遠傳電信股份有限公司","12,423,183 ","384,536 ","32.31 "
"4G","107/9","中華電信股份有限公司","505,681,975 ","9,082,885 ","55.67 "
"4G","107/9","台灣大哥大股份有限公司","184,173,405 ","6,639,047 ","27.74 "
"4G","107/9","台灣之星股份有限公司","58,789,705 ","2,124,914 ","27.67 "
"4G","107/9","亞太電信股份有限公司","60,720,704 ","2,005,663 ","30.27 "
"4G","107/9","遠傳電信股份有限公司","234,032,720 ","6,568,674 ","35.63 "
"3G","107/9","中華電信股份有限公司","100,702,368 ","1,471,375 ","68.44 "
"3G","107/9","台灣大哥大股份有限公司","29,121,543 ","554,205 ","52.55 "
"3G","107/9","台灣之星股份有限公司","1,865,499 ","694 ","2,688.04 "
"3G","107/9","遠傳電信股份有限公司","14,797,735 ","595,682 ","24.84 "
"4G","107/8","中華電信股份有限公司","509,253,396 ","8,965,743 ","56.80 "
"4G","107/8","台灣大哥大股份有限公司","190,423,045 ","6,503,664 ","29.28 "
"4G","107/8","台灣之星股份有限公司","61,795,823 ","2,119,540 ","29.16 "
"4G","107/8","亞太電信股份有限公司","65,031,357 ","1,999,023 ","32.53 "
"4G","107/8","遠傳電信股份有限公司","245,407,808 ","6,383,803 ","38.44 "
"3G","107/8","中華電信股份有限公司","100,766,245 ","1,563,958 ","64.43 "
"3G","107/8","台灣大哥大股份有限公司","23,806,593 ","664,472 ","35.83 "
"3G","107/8","台灣之星股份有限公司","1,989,815 ","498 ","3,995.61 "
"3G","107/8","遠傳電信股份有限公司","18,778,426 ","754,776 ","24.88 "
"4G","107/7","中華電信股份有限公司","498,290,697 ","8,851,021 ","56.30 "
"4G","107/7","台灣大哥大股份有限公司","190,616,030 ","6,403,635 ","29.77 "
"4G","107/7","台灣之星股份有限公司","62,164,284 ","2,095,439 ","29.67 "
"4G","107/7","亞太電信股份有限公司","66,085,547 ","1,986,027 ","33.28 "
"4G","107/7","遠傳電信股份有限公司","245,460,676 ","6,195,511 ","39.62 "
"3G","107/7","中華電信股份有限公司","99,878,899 ","531,494 ","187.92 "
"3G","107/7","台灣大哥大股份有限公司","26,595,822 ","258,171 ","103.02 "
"3G","107/7","台灣之星股份有限公司","2,063,026 ","17,297 ","119.27 "
"3G","107/7","遠傳電信股份有限公司","23,407,204 ","350,590 ","66.77 "
"4G","107/6","中華電信股份有限公司","534,327,969 ","8,743,493 ","61.11 "
"4G","107/6","台灣大哥大股份有限公司","184,173,405 ","6,276,772 ","29.34 "
"4G","107/6","台灣之星股份有限公司","61,233,645 ","2,075,135 ","29.51 "
"4G","107/6","亞太電信股份有限公司","64,762,174 ","1,977,380 ","32.75 "
"4G","107/6","遠傳電信股份有限公司","239,525,462 ","6,103,335 ","39.25 "
"3G","107/6","中華電信股份有限公司","111,554,108 ","1,774,848 ","62.85 "
"3G","107/6","台灣大哥大股份有限公司","29,121,543 ","951,032 ","30.62 "
"3G","107/6","台灣之星股份有限公司","2,117,759 ","5,583 ","379.32 "
"3G","107/6","遠傳電信股份有限公司","26,604,892 ","1,037,742 ","25.64 "
"4G","107/5","中華電信股份有限公司","484,528,072 ","8,665,687 ","55.91 "
"4G","107/5","台灣大哥大股份有限公司","198,296,441 ","6,141,269 ","32.29 "
"4G","107/5","台灣之星股份有限公司","64,046,899 ","2,030,160 ","31.55 "
"4G","107/5","亞太電信股份有限公司","69,560,004 ","1,959,304 ","35.50 "
"4G","107/5","遠傳電信股份有限公司","262,909,158 ","5,993,345 ","43.87 "
"3G","107/5","中華電信股份有限公司","106,165,266 ","1,856,236 ","57.19 "
"3G","107/5","台灣大哥大股份有限公司","34,899,545 ","1,072,032 ","32.55 "
"3G","107/5","台灣之星股份有限公司","4,322,474 ","41,052 ","105.29 "
"3G","107/5","遠傳電信股份有限公司","32,204,509 ","1,138,025 ","28.30 "
"4G","107/4","中華電信股份有限公司","522,727,969 ","8,349,822 ","62.60 "
"4G","107/4","台灣大哥大股份有限公司","180,348,993 ","5,917,765 ","30.48 "
"4G","107/4","台灣之星股份有限公司","58,918,629 ","1,987,476 ","29.64 "
"4G","107/4","亞太電信股份有限公司","65,766,072 ","1,936,335 ","33.96 "
"4G","107/4","遠傳電信股份有限公司","240,799,589 ","5,832,116 ","41.29 "
"3G","107/4","中華電信股份有限公司","122,827,743 ","2,066,374 ","59.44 "
"3G","107/4","台灣大哥大股份有限公司","37,773,520 ","1,231,629 ","30.67 "
"3G","107/4","台灣之星股份有限公司","5,698,660 ","78,995 ","72.14 "
"3G","107/4","遠傳電信股份有限公司","46,789,431 ","1,311,001 ","35.69 "
"4G","107/3","中華電信股份有限公司","445,483,784 ","8,205,641 ","54.29 "
"4G","107/3","台灣大哥大股份有限公司","194,472,049 ","5,814,295 ","33.45 "
"4G","107/3","台灣之星股份有限公司","62,131,810 ","1,943,715 ","31.97 "
"4G","107/3","亞太電信股份有限公司","72,859,326 ","1,904,836 ","38.25 "
"4G","107/3","遠傳電信股份有限公司","261,598,321 ","5,675,410 ","46.09 "
"3G","107/3","中華電信股份有限公司","99,652,521 ","2,189,332 ","45.52 "
"3G","107/3","台灣大哥大股份有限公司","41,953,365 ","1,353,239 ","31.00 "
"3G","107/3","台灣之星股份有限公司","7,040,092 ","101,613 ","69.28 "
"3G","107/3","遠傳電信股份有限公司","53,743,568 ","1,449,557 ","37.08 "
"4G","107/2","中華電信股份有限公司","531,087,420 ","8,110,472 ","65.48 "
"4G","107/2","台灣大哥大股份有限公司","170,119,967 ","5,715,879 ","29.76 "
"4G","107/2","台灣之星股份有限公司","53,127,559 ","1,894,260 ","28.05 "
"4G","107/2","亞太電信股份有限公司","60,307,395 ","1,877,316 ","32.12 "
"4G","107/2","遠傳電信股份有限公司","227,598,941 ","5,605,858 ","40.60 "
"3G","107/2","中華電信股份有限公司","129,000,214 ","2,297,733 ","56.14 "
"3G","107/2","台灣大哥大股份有限公司","39,329,191 ","1,477,968 ","26.61 "
"3G","107/2","台灣之星股份有限公司","6,538,877 ","131,049 ","49.90 "
"3G","107/2","遠傳電信股份有限公司","48,987,355 ","1,530,659 ","32.00 "
"4G","107/1","中華電信股份有限公司","531,359,784 ","8,042,099 ","66.07  "
"4G","107/1","台灣大哥大股份有限公司","193,803,566 ","5,609,571 ","34.55 "
"4G","107/1","台灣之星股份有限公司","60,364,620 ","1,847,978 ","32.67 "
"4G","107/1","亞太電信股份有限公司","74,093,182 ","1,860,527 ","39.82 "
"4G","107/1","遠傳電信股份有限公司","263,695,962 ","5,537,248 ","47.62 "
"3G","107/1","中華電信股份有限公司","128,764,443 ","2,382,919 ","54.04 "
"3G","107/1","台灣大哥大股份有限公司","49,647,937 ","1,575,646 ","31.51 "
"3G","107/1","台灣之星股份有限公司","8,070,669 ","157,070 ","51.38 "
"3G","107/1","遠傳電信股份有限公司","58,960,063 ","1,611,041 ","36.60 "
"4G","106/12","中華電信股份有限公司","529,689,969  ","7,987,294 ","66.32  "
"4G","106/12","台灣大哥大股份有限公司","192,664,060 ","5,525,903 ","34.87 "
"4G","106/12","台灣之星股份有限公司","58,964,019 ","1,774,815 ","33.22 "
"4G","106/12","亞太電信股份有限公司","73,618,468 ","1,838,864 ","40.03 "
"4G","106/12","遠傳電信股份有限公司","265,260,192 ","5,461,163 ","48.57 "
"3G","106/12","中華電信股份有限公司","132,192,170 ","2,464,358 ","53.64 "
"3G","106/12","台灣大哥大股份有限公司","53,204,366 ","1,701,155 ","31.28 "
"3G","106/12","台灣之星股份有限公司","8,595,912 ","205,570 ","41.82 "
"3G","106/12","亞太電信股份有限公司","140 ","386 ","0.36 "
"3G","106/12","遠傳電信股份有限公司","62,143,593 ","1,696,979 ","36.62 "
"4G","106/11","中華電信股份有限公司","535,153,086 ","7,924,718 ","67.53 "
"4G","106/11","台灣大哥大股份有限公司","190,385,568 ","5,425,628 ","35.09 "
"4G","106/11","台灣之星股份有限公司","56,208,529 ","1,669,936 ","33.66 "
"4G","106/11","亞太電信股份有限公司","74,080,842 ","1,820,892 ","40.68 "
"4G","106/11","遠傳電信股份有限公司","264,036,232 ","5,394,974 ","48.94 "
"3G","106/11","中華電信股份有限公司","129,439,591 ","2,571,266 ","50.34 "
"3G","106/11","台灣大哥大股份有限公司","55,945,559 ","1,825,091 ","30.65 "
"3G","106/11","台灣之星股份有限公司","9,694,777 ","250,556 ","38.69 "
"3G","106/11","亞太電信股份有限公司","225 ","416 ","0.54 "
"3G","106/11","遠傳電信股份有限公司","63,942,575 ","1,784,656 ","35.83 "
"4G","106/10","中華電信股份有限公司","545,445,633 ","7,882,257  ","69.20  "
"4G","106/10","台灣大哥大股份有限公司","193,695,431 ","5,345,799 ","36.23 "
"4G","106/10","台灣之星股份有限公司","54,905,372 ","1,552,728 ","35.36 "
"4G","106/10","亞太電信股份有限公司","73,704,069 ","1,797,934 ","40.99 "
"4G","106/10","遠傳電信股份有限公司","270,324,894 ","5,342,639 ","50.60 "
"3G","106/10","中華電信股份有限公司","137,345,794 ","2,652,449 ","51.78 "
"3G","106/10","台灣大哥大股份有限公司","59,328,448 ","1,939,248 ","30.59 "
"3G","106/10","台灣之星股份有限公司","10,423,475 ","287,687 ","36.23 "
"3G","106/10","亞太電信股份有限公司","901 ","445 ","2.02 "
"3G","106/10","遠傳電信股份有限公司","67,875,569 ","1,866,946 ","36.36 "
"4G","106/9","中華電信股份有限公司","575,565,811 ","7,853,678 ","73.29 "
"4G","106/9","台灣大哥大股份有限公司","195,212,095 ","5,284,831 ","36.94 "
"4G","106/9","台灣之星股份有限公司","54,541,843 ","1,508,292 ","36.16 "
"4G","106/9","亞太電信股份有限公司","75,502,764 ","1,771,837 ","42.61 "
"4G","106/9","遠傳電信股份有限公司","270,324,894 ","5,342,639 ","50.60 "
"3G","106/9","中華電信股份有限公司","148,860,139 ","2,735,010 ","54.43 "
"3G","106/9","台灣大哥大股份有限公司","63,393,188 ","2,039,624 ","31.08 "
"3G","106/9","台灣之星股份有限公司","11,130,849 ","306,779 ","36.28 "
"3G","106/9","亞太電信股份有限公司","2,626 ","477 ","5.51 "
"3G","106/9","遠傳電信股份有限公司","70,690,250 ","1,950,672 ","36.24 "
"4G","106/8","中華電信股份有限公司","577,586,320  ","7,766,545  ","74.37  "
"4G","106/8","台灣大哥大股份有限公司","205,897,090 ","5,211,278 ","39.51 "
"4G","106/8","台灣之星股份有限公司","56,342,991 ","1,449,193 ","38.88 "
"4G","106/8","亞太電信股份有限公司","80,472,727 ","1,755,693 ","45.84 "
"4G","106/8","遠傳電信股份有限公司","288,326,160  ","5,210,541  ","55.34 "
"3G","106/8","中華電信股份有限公司","149,301,252 ","2,836,924 ","52.63 "
"3G","106/8","台灣大哥大股份有限公司","69,750,032 ","2,148,294 ","32.47 "
"3G","106/8","台灣之星股份有限公司","12,376,473 ","335,833 ","36.85 "
"3G","106/8","亞太電信股份有限公司","5,137 ","625 ","8.22 "
"3G","106/8","遠傳電信股份有限公司","77,135,760 ","2,035,725 ","37.89 "
"4G","106/7","中華電信股份有限公司","582,978,842 ","7,673,923 ","75.97 "
"4G","106/7","台灣大哥大股份有限公司","205,373,561 ","5,074,198 ","40.47 "
"4G","106/7","台灣之星股份有限公司","54,664,455 ","1,368,615 ","39.94 "
"4G","106/7","亞太電信股份有限公司","79,893,743 ","1,728,096 ","46.23 "
"4G","106/7","遠傳電信股份有限公司","289,580,471 ","5,123,081 ","56.52 "
"3G","106/7","中華電信股份有限公司","160,005,269","2,955,568","54.14"
"3G","106/7","台灣大哥大股份有限公司","72,506,880","2,267,941","31.97"
"3G","106/7","台灣之星股份有限公司","12,961,783","381,442","33.98"
"3G","106/7","亞太電信股份有限公司","6,798","2,186","3.11"
"3G","106/7","遠傳電信股份有限公司","81,235,133","2,139,150","37.98"
"4G","106/6","中華電信股份有限公司","583,359,086 ","7,559,684 ","77.17 "
"4G","106/6","台灣大哥大股份有限公司","206,107,076 ","4,945,133 ","41.68 "
"4G","106/6","台灣之星股份有限公司","53,138,184 ","1,233,897 ","43.07 "
"4G","106/6","亞太電信股份有限公司","81,406,790 ","1,706,893 ","47.69 "
"4G","106/6","遠傳電信股份有限公司","291,576,937 ","5,034,000 ","57.92 "
"3G","106/6","中華電信股份有限公司","161,067,496","3,083,647","52.23"
"3G","106/6","台灣大哥大股份有限公司","76,768,411","2,376,655","32.30"
"3G","106/6","台灣之星股份有限公司","14,148,823","498,202","28.4"
"3G","106/6","亞太電信股份有限公司","10,306","3,229","3.19"
"3G","106/6","遠傳電信股份有限公司","87,448,876","2,241,256","39.02"
"2G","106/6","中華電信股份有限公司","1,470,304","76,444","19.23"
"2G","106/6","台灣大哥大股份有限公司","351,938","18,443","19.08"
"2G","106/6","遠傳電信股份有限公司","75,404","7,270","10.37"
"4G","106/5","中華電信股份有限公司","555,636,913 ","7,394,136 ","75.15 "
"4G","106/5","台灣大哥大股份有限公司","208,183,062 ","4,832,256 ","43.08 "
"4G","106/5","台灣之星股份有限公司","51,047,610 ","1,081,756 ","47.19 "
"4G","106/5","亞太電信股份有限公司","72,709,189 ","1,700,722 ","42.75 "
"4G","106/5","遠傳電信股份有限公司","298,234,887 ","4,918,229 ","60.64 "
"3G","106/5","中華電信股份有限公司","157,857,869","3,213,391","49.13"
"3G","106/5","台灣大哥大股份有限公司","78,534,689","2,492,587","31.51"
"3G","106/5","台灣之星股份有限公司","16,447,709","647,937","25.38"
"3G","106/5","亞太電信股份有限公司","19,631","4,276","4.59"
"3G","106/5","遠傳電信股份有限公司","93,554,266","2,361,049","39.62"
"2G","106/5","中華電信股份有限公司","2,595,641","127,974","20.28"
"2G","106/5","台灣大哥大股份有限公司","528,515","29,828","17.72"
"2G","106/5","遠傳電信股份有限公司","143,549","14,178","10.12"
"4G","106/4","中華電信股份有限公司","604,749,365 ","7,232,913 ","83.61 "
"4G","106/4","台灣大哥大股份有限公司","198,683,254 ","4,734,835 ","41.96 "
"4G","106/4","台灣之星股份有限公司","47,220,230 ","1,041,170 ","45.35 "
"4G","106/4","亞太電信股份有限公司","67,604,506 ","1,692,346 ","39.95 "
"4G","106/4","遠傳電信股份有限公司","286,503,400 ","4,815,336 ","59.50 "
"3G","106/4","中華電信股份有限公司","180252982","3322665","54.25"
"3G","106/4","台灣大哥大股份有限公司","77933074","2583694","30.16"
"3G","106/4","台灣之星電信股份有限公司","16763737","661690","25.33"
"3G","106/4","亞太電信股份有限公司","52393","13111","4"
"3G","106/4","遠傳電信股份有限公司","94241866","2459445","38.32"
"2G","106/4","中華電信股份有限公司","4991085","183283","27.23"
"2G","106/4","台灣大哥大股份有限公司","651620","44637","14.60"
"2G","106/4","遠傳電信股份有限公司","207770","20068","10.35"
"4G","106/3","中華電信股份有限公司","518,127,862 ","7,121,306 ","72.76 "
"4G","106/3","台灣大哥大股份有限公司","215,056,954 ","4,655,057 ","46.20 "
"4G","106/3","台灣之星股份有限公司","49,328,336 ","1,006,111 ","49.03 "
"4G","106/3","亞太電信股份有限公司","86,947,697 ","1,681,123 ","51.72 "
"4G","106/3","遠傳電信股份有限公司","308,318,504 ","4,722,938 ","65.28 "
"3G","106/3","中華電信股份有限公司","154128252","3431378","44.92"
"3G","106/3","台灣大哥大股份有限公司","88744310","2675730","33.17"
"3G","106/3","台灣之星電信股份有限公司","19378158","686684","28.22"
"3G","106/3","亞太電信股份有限公司","147541","21788","6.77"
"3G","106/3","遠傳電信股份有限公司","104918326","2535603","41.38"
"2G","106/3","中華電信股份有限公司","7375452","209741","35.16"
"2G","106/3","台灣大哥大股份有限公司","805374","54836","14.69"
"2G","106/3","遠傳電信股份有限公司","282328","27149","10.40"
"4G","106/2","中華電信股份有限公司","575,406,447 ","6,979,084 ","82.45 "
"4G","106/2","台灣大哥大股份有限公司","188,167,800 ","4,595,824 ","40.94 "
"4G","106/2","台灣之星股份有限公司","39,776,112 ","919,158 ","43.27 "
"4G","106/2","亞太電信股份有限公司","77,146,817 ","1,665,984 ","46.31 "
"4G","106/2","遠傳電信股份有限公司","270,700,241 ","4,656,746 ","58.13 "
"3G","106/2","中華電信股份有限公司"," 177,220,600 "," 3,549,070 ","49.93"
"3G","106/2","台灣大哥大股份有限公司"," 80,945,208 "," 2,757,444 ","29.36"
"3G","106/2","台灣之星電信股份有限公司"," 19,802,916 "," 762,714 ","25.96"
"3G","106/2","亞太電信股份有限公司","292,099"," 35,599 ","8.21"
"3G","106/2","遠傳電信股份有限公司"," 97,371,855 "," 2,617,500 ","37.20"
"2G","106/2","中華電信股份有限公司","8,974,843 ","232,745 ","38.56"
"2G","106/2","台灣大哥大股份有限公司","840,316 ","62,474 ","13.45"
"2G","106/2","遠傳電信股份有限公司","292,871 ","29,624 ","9.87"
"4G","106/1","中華電信股份有限公司","615,182,913  ","6,849,322 ","89.82 "
"4G","106/1","台灣大哥大股份有限公司","214,335,807 ","4,521,014 ","47.41 "
"4G","106/1","台灣之星股份有限公司","42,463,135 ","856,704 ","49.57 "
"4G","106/1","亞太電信股份有限公司","81,524,904 ","1,654,005 ","49.29 "
"4G","106/1","遠傳電信股份有限公司","307,876,063 ","4,583,920 ","67.16 "
"3G","106/1","中華電信股份有限公司","199020540","3663028","54.33"
"3G","106/1","台灣大哥大股份有限公司","90290579","2934466","30.77"
"3G","106/1","台灣之星電信股份有限公司"," 23,670,544 "," 815,017 ","29.04"
"3G","106/1","亞太電信股份有限公司"," 6,587,045 "," 46,594 ","141.37"
"3G","106/1","遠傳電信股份有限公司"," 113,808,930 "," 2,704,805 ","42.08"
"2G","106/1","中華電信股份有限公司","10145922","255611","39.69"
"2G","106/1","台灣大哥大股份有限公司","1116722","73759","15.14"
"2G","106/1","遠傳電信股份有限公司","377611","32261","11.70"
"4G","105/12","中華電信股份有限公司","588,385,694 ","6,709,667 ","87.69 "
"4G","105/12","台灣大哥大股份有限公司","225,722,787 ","4,439,377 ","50.85 "
"4G","105/12","台灣之星股份有限公司","42,150,450 ","784,958 ","53.70 "
"4G","105/12","亞太電信股份有限公司","84,154,622 ","1,630,533 ","51.61 "
"4G","105/12","遠傳電信股份有限公司","323,613,044 ","4,502,502 ","71.87 "
"3G","105/12","中華電信股份有限公司","201958775","3803605","53.1"
"3G","105/12","台灣大哥大股份有限公司","102501307","2914381","35.17"
"3G","105/12","台灣之星電信股份有限公司","27108930","876748","30.92"
"3G","105/12","亞太電信股份有限公司","11147200","66345","168.02"
"3G","105/12","遠傳電信股份有限公司","124254292","2804037","44.31"
"2G","105/12","中華電信股份有限公司","10621758","271853","39.1"
"2G","105/12","台灣大哥大股份有限公司","1356103","85598","15.84"
"2G","105/12","遠傳電信股份有限公司","401061","38983","10.29"
"4G","105/11","中華電信股份有限公司","598,488,718  ","6,562,359 ","91.20  "
"4G","105/11","台灣大哥大股份有限公司","219,473,321 ","4,347,000 ","50.49 "
"4G","105/11","台灣之星股份有限公司","39,422,873 ","738,105 ","53.41 "
"4G","105/11","亞太電信股份有限公司","84,722,727 ","1,582,947 ","53.52 "
"4G","105/11","遠傳電信股份有限公司","314,932,615 ","4,404,622 ","71.50 "
"3G","105/11","中華電信股份有限公司","213,940,287 ","3,942,005 ","54.27 "
"3G","105/11","台灣大哥大股份有限公司","97,807,455 ","3,011,514 ","32.48 "
"3G","105/11","台灣之星股份有限公司","27,954,270 ","923,537 ","30.27 "
"3G","105/11","亞太電信股份有限公司","13,481,833 ","103,647 ","130.07 "
"3G","105/11","遠傳電信股份有限公司","125,218,336 ","2,898,139 ","43.21 "
"4G","105/10","中華電信股份有限公司","583,593,968  ","6,414,981 ","90.97 "
"4G","105/10","台灣大哥大股份有限公司","229,932,656  ","4,258,423 ","53.99 "
"4G","105/10","台灣之星股份有限公司","39,553,083  ","679,111 ","58.24  "
"4G","105/10","亞太電信股份有限公司","87,249,202 ","1,532,300 ","56.94  "
"4G","105/10","遠傳電信股份有限公司","329,183,180 ","4,313,051 ","76.32  "
"3G","105/10","中華電信股份有限公司","223,362,038 ","4,091,065 ","54.60 "
"3G","105/10","台灣大哥大股份有限公司","110,718,704 ","3,099,331 ","35.72 "
"3G","105/10","台灣之星股份有限公司","30,653,998 ","982,460 ","31.20 "
"3G","105/10","亞太電信股份有限公司","15,001,923 ","149,428 ","100.40 "
"3G","105/10","遠傳電信股份有限公司","137,405,247 ","2,983,817 ","46.05 "
"4G","105/9","中華電信股份有限公司","583,530,534  ","6,230,913 ","93.65 "
"4G","105/9","台灣大哥大股份有限公司","228,708,401 ","4,165,830 ","54.90 "
"4G","105/9","台灣之星股份有限公司","37,360,660 ","633,905 ","58.94 "
"4G","105/9","亞太電信股份有限公司","83,782,503 ","1,474,880 ","56.81 "
"4G","105/9","遠傳電信股份有限公司","322,168,658 ","4,220,094 ","76.34 "
"3G","105/9","中華電信股份有限公司","246,787,172 ","4,259,399 ","57.94 "
"3G","105/9","台灣大哥大股份有限公司","116,587,064 ","3,194,452 ","36.50 "
"3G","105/9","台灣之星股份有限公司","32,313,316 ","1,027,616 ","31.44 "
"3G","105/9","亞太電信股份有限公司","16,285,491 ","201,172 ","80.95 "
"3G","105/9","遠傳電信股份有限公司","142,862,777 ","3,088,302 ","46.26 "
"4G","105/8","中華電信股份有限公司","577,697,443 ","6,049,348  ","95.50 "
"4G","105/8","台灣大哥大股份有限公司","229,726,353 ","4,068,197 ","56.47 "
"4G","105/8","台灣之星股份有限公司","35,493,896 ","595,354 ","59.62 "
"4G","105/8","亞太電信股份有限公司","87,651,491 ","1,393,014 ","62.92 "
"4G","105/8","遠傳電信股份有限公司","326,392,782 ","4,124,319 ","79.14 "
"3G","105/8","中華電信股份有限公司","260,201,108 ","4,433,845 ","58.69 "
"3G","105/8","台灣大哥大股份有限公司","125,803,949 ","3,277,042 ","38.39 "
"3G","105/8","台灣之星股份有限公司","35,130,478 ","1,066,099 ","32.95 "
"3G","105/8","亞太電信股份有限公司","20,508,885 ","297,235 ","69.00 "
"3G","105/8","遠傳電信股份有限公司","152,896,712 ","3,180,920 ","48.07 "
"4G","105/7","中華電信股份有限公司","453,008,455  ","5,837,850 ","77.60 "
"4G","105/7","台灣大哥大股份有限公司","232,363,534 ","3,964,779 ","58.61 "
"4G","105/7","台灣之星股份有限公司","33,083,742 ","545,933 ","60.60 "
"4G","105/7","亞太電信股份有限公司","83,291,749 ","1,315,593 ","63.31 "
"4G","105/7","遠傳電信股份有限公司","331,474,907 ","4,012,113 ","82.62 "
"3G","105/7","中華電信股份有限公司","363,344,009 ","4,654,137 ","78.07 "
"3G","105/7","台灣大哥大股份有限公司","135,156,705 ","3,373,364 ","40.07 "
"3G","105/7","台灣之星股份有限公司","38,636,037 ","1,115,408 ","34.64 "
"3G","105/7","亞太電信股份有限公司","22,095,273 ","387,223 ","57.06 "
"3G","105/7","遠傳電信股份有限公司","165,237,757 ","3,281,771 ","50.35 "
"4G","105/6","中華電信股份有限公司","461,210,570 ","5,687,372 ","81.09 "
"4G","105/6","台灣大哥大股份有限公司","228,338,823 ","3,858,985 ","59.17 "
"4G","105/6","台灣之星股份有限公司","14,300,582 ","502,476 ","28.46 "
"4G","105/6","亞太電信股份有限公司","84,300,911 ","1,239,111 ","68.03 "
"4G","105/6","遠傳電信股份有限公司","324,907,069 ","3,908,845 ","83.12 "
"3G","105/6","中華電信股份有限公司","389,314,623 ","4,806,935 ","80.99 "
"3G","105/6","台灣大哥大股份有限公司","137,256,570 ","3,470,504 ","39.55 "
"3G","105/6","台灣之星股份有限公司","40,355,453 ","1,158,852 ","34.82 "
"3G","105/6","亞太電信股份有限公司","24,938,062 ","468,488 ","53.23 "
"3G","105/6","遠傳電信股份有限公司","171,546,789 ","3,379,864 ","50.76 "
"4G","105/5","中華電信股份有限公司","431,555,896  ","5,519,739  ","78.18 "
"4G","105/5","台灣大哥大股份有限公司","234,588,401 ","3,745,628 ","62.63 "
"4G","105/5","台灣之星股份有限公司","13,261,931 ","463,394 ","28.62 "
"4G","105/5","亞太電信股份有限公司","85,651,725 ","1,110,903 ","77.10 "
"4G","105/5","遠傳電信股份有限公司","335,071,512 ","3,800,945 ","88.15 "
"3G","105/5","中華電信股份有限公司","383,580,540 ","4,963,421 ","77.28 "
"3G","105/5","台灣大哥大股份有限公司","148,072,323 ","3,561,622 ","41.57 "
"3G","105/5","台灣之星股份有限公司","44,107,882 ","1,197,923 ","36.82 "
"3G","105/5","亞太電信股份有限公司","29,280,461 ","597,245 ","49.03 "
"3G","105/5","遠傳電信股份有限公司","187,286,376 ","3,481,222 ","53.80 "
"4G","105/4","中華電信股份有限公司","447,068,873 ","5,366,509  ","83.31 "
"4G","105/4","台灣大哥大股份有限公司","220,144,382 ","3,603,154 ","61.10 "
"4G","105/4","台灣之星股份有限公司","11,825,871 ","421,665 ","28.05 "
"4G","105/4","亞太電信股份有限公司","79,687,134 ","956,988 ","83.27 "
"4G","105/4","遠傳電信股份有限公司","315,791,322 ","3,690,613 ","85.57 "
"3G","105/4","中華電信股份有限公司","420,943,408 ","5,143,389 ","81.84 "
"3G","105/4","台灣大哥大股份有限公司","150,794,873 ","3,658,115 ","41.22 "
"3G","105/4","台灣之星股份有限公司","44,693,418 ","1,239,628 ","36.05 "
"3G","105/4","亞太電信股份有限公司","30,857,897 ","750,383 ","41.12 "
"3G","105/4","遠傳電信股份有限公司","193,274,526 ","3,596,023 ","53.75 "
"4G","105/3","中華電信股份有限公司","369,362,493 ","5,207,287 ","70.93 "
"4G","105/3","台灣大哥大股份有限公司","226,186,420 ","3,452,711 ","65.51 "
"4G","105/3","台灣之星股份有限公司","11,703,117 ","388,134 ","30.15 "
"4G","105/3","亞太電信股份有限公司","67,458,531 ","878,627 ","76.78 "
"4G","105/3","遠傳電信股份有限公司","323,084,493 ","3,529,590 ","91.54 "
"3G","105/3","中華電信股份有限公司","380520425 ","5325949 ","71.45 "
"3G","105/3","台灣大哥大股份有限公司","168236196 ","3790500 ","44.38 "
"3G","105/3","台灣之星電信股份有限公司","50324829 ","1273143 ","39.53 "
"3G","105/3","亞太電信股份有限公司","52027212 ","828573 ","62.79 "
"3G","105/3","遠傳電信股份有限公司","214374866 ","3745160 ","57.24 "
"2G","105/3","中華電信股份有限公司","37859804 ","509752 ","74.27 "
"2G","105/3","台灣大哥大股份有限公司","2773255 ","190796 ","14.54 "
"2G","105/3","遠傳電信股份有限公司","747528 ","72252 ","10.35 "
"4G","105/2","中華電信股份有限公司","409,293,078  ","4,967,227  ","82.40 "
"4G","105/2","台灣大哥大股份有限公司","195,815,384 ","3,321,537 ","58.95 "
"4G","105/2","台灣之星股份有限公司","30,054,019 ","357,141 ","84.15 "
"4G","105/2","亞太電信股份有限公司","53,252,542 ","814,333 ","65.39 "
"4G","105/2","遠傳電信股份有限公司","278,518,356 ","3,391,795 ","82.12 "
"3G","105/2","中華電信股份有限公司","445190075 ","5576836 ","79.83 "
"3G","105/2","台灣大哥大股份有限公司","160526886 ","3909414 ","41.06 "
"3G","105/2","台灣之星電信股份有限公司","45783872 ","1304099 ","35.11 "
"3G","105/2","亞太電信股份有限公司","44979433 ","882534 ","50.97 "
"3G","105/2","遠傳電信股份有限公司","206975197 ","3901551 ","53.05 "
"2G","105/2","中華電信股份有限公司","47011271 ","550574 ","85.39 "
"2G","105/2","台灣大哥大股份有限公司","2989598 ","197099 ","15.17 "
"2G","105/2","遠傳電信股份有限公司","786837 ","79172 ","9.94 "
"4G","105/1","中華電信股份有限公司","468,986,306 ","5,819,918 ","80.58 "
"4G","105/1","台灣大哥大股份有限公司","183,430,192 ","4,044,058 ","45.36 "
"4G","105/1","台灣之星股份有限公司","47,857,253 ","1,325,687 ","36.10 "
"4G","105/1","亞太電信股份有限公司","35,791,480 ","930,228 ","38.48 "
"4G","105/1","遠傳電信股份有限公司","238,703,533 ","4,046,121 ","59.00 "
"3G","105/1","中華電信股份有限公司","468986306","5819918","80.58"
"3G","105/1","台灣大哥大股份有限公司","183430192","4044058","45.36"
"3G","105/1","台灣之星電信股份有限公司","47857253","1325687","36.1"
"3G","105/1","亞太電信股份有限公司","35791480","930228","38.48"
"3G","105/1","遠傳電信股份有限公司","238703533","4046121","59"
"2G","105/1","中華電信股份有限公司","52961526","625168","84.72"
"2G","105/1","台灣大哥大股份有限公司","3325842","214648","15.49"
"2G","105/1","遠傳電信股份有限公司","873442","83172","10.5"
"4G","104/12","所有業者","960303698.2","11574394","82.97"
"3G","104/12","中華電信股份有限公司","468514348","6051556","77.42"
"3G","104/12","台灣大哥大股份有限公司","195627072","4207325","46.5"
"3G","104/12","台灣之星電信股份有限公司","53781646","1345486","39.97"
"3G","104/12","亞太電信股份有限公司","42483776","981617","43.28"
"3G","104/12","遠傳電信股份有限公司","256059743","4189989","61.11"
"2G","104/12","中華電信股份有限公司","54192582","698334","77.6"
"2G","104/12","台灣大哥大股份有限公司","3670702","226866","16.18"
"2G","104/12","遠傳電信股份有限公司","1038449","93541","11.1"
"4G","104/11","所有業者","916734282.6","10799493","84.89"
"3G","104/11","中華電信股份有限公司","511432810","6287038","81.35"
"3G","104/11","台灣大哥大股份有限公司","196571935","4388401","44.79"
"3G","104/11","台灣之星電信股份有限公司","52149012","1361737","38.3"
"3G","104/11","亞太電信股份有限公司","47019938","1034240","45.46"
"3G","104/11","遠傳電信股份有限公司","259964239","4354935","59.69"
"2G","104/11","中華電信股份有限公司","60729377","801601","75.76"
"2G","104/11","台灣大哥大股份有限公司","3863540","266783","14.48"
"2G","104/11","遠傳電信股份有限公司","1876254","102624","18.28"
"4G","104/10","所有業者","897496396.5","10086993","88.98"
"3G","104/10","中華電信股份有限公司","527294312","6526409","80.79"
"3G","104/10","台灣大哥大股份有限公司","221513523","4579817","48.37"
"3G","104/10","台灣之星電信股份有限公司","55303748","1376388","40.18"
"3G","104/10","亞太電信股份有限公司","56930514","1089826","52.24"
"3G","104/10","遠傳電信股份有限公司","293971905","4539042","64.77"
"2G","104/10","中華電信股份有限公司","61282058","874434","70.08"
"2G","104/10","台灣大哥大股份有限公司","4364572","277094","15.75"
"2G","104/10","遠傳電信股份有限公司","2522482","107479","23.47"
"4G","104/9","所有業者","855424527","9338141","91.61"
"3G","104/9","中華電信股份有限公司","557050344","6768920","82.3"
"3G","104/9","台灣大哥大股份有限公司","230619793","4790951","48.14"
"3G","104/9","台灣之星電信股份有限公司","54703977","1383235","39.55"
"3G","104/9","亞太電信股份有限公司","63377629","1159003","54.68"
"3G","104/9","遠傳電信股份有限公司","309309887","4758952","65"
"2G","104/9","中華電信股份有限公司","67885361","923312","73.52"
"2G","104/9","台灣大哥大股份有限公司","4654391","285287","16.31"
"2G","104/9","遠傳電信股份有限公司","2119946","100625","21.07"
"4G","104/8","所有業者","834359456","8663921","96.3"
"3G","104/8","中華電信股份有限公司","588753219","6967035","84.51"
"3G","104/8","台灣大哥大股份有限公司","248254521","4913463","50.53"
"3G","104/8","台灣之星電信股份有限公司","56905604","1385220","41.08"
"3G","104/8","亞太電信股份有限公司","73283587","1215803","60.28"
"3G","104/8","遠傳電信股份有限公司","335528379","4930694","68.05"
"2G","104/8","中華電信股份有限公司","74857288","972642","76.96"
"2G","104/8","台灣大哥大股份有限公司","5185275","294998","17.58"
"2G","104/8","遠傳電信股份有限公司","2229981","106283","20.98"
"4G","104/7","所有業者","786612930","7930423","99.19"
"3G","104/7","中華電信股份有限公司","599495600","7185287","83.43"
"3G","104/7","台灣大哥大股份有限公司","267421728","5031078","53.15"
"3G","104/7","台灣之星電信股份有限公司","52683478","1377111","38.26"
"3G","104/7","亞太電信股份有限公司","83646017","1280247","65.34"
"3G","104/7","遠傳電信股份有限公司","361075985","5089501","70.95"
"2G","104/7","中華電信股份有限公司","76108805","1024375","74.3"
"2G","104/7","台灣大哥大股份有限公司","5849247","304947","19.18"
"2G","104/7","遠傳電信股份有限公司","2223532","112027","19.85"
"4G","104/6","所有業者","737294239","7208050","102.29"
"3G","104/6","中華電信股份有限公司","637151012","7388495","86.24"
"3G","104/6","台灣大哥大股份有限公司","274483004","5144603","53.35"
"3G","104/6","台灣之星電信股份有限公司","58885370","1371451","42.94"
"3G","104/6","亞太電信股份有限公司","91678349","1349249","67.95"
"3G","104/6","遠傳電信股份有限公司","378135695","5222890","72.4"
"2G","104/6","中華電信股份有限公司","80699536","1084920","74.38"
"2G","104/6","台灣大哥大股份有限公司","6377375","326026","19.56"
"2G","104/6","遠傳電信股份有限公司","2874025","143405","20.04"
"4G","104/5","所有業者","690109351","6485911","106.4"
"3G","104/5","中華電信股份有限公司","640249934","7603980","84.2"
"3G","104/5","台灣大哥大股份有限公司","294785417","5275698","55.88"
"3G","104/5","台灣之星電信股份有限公司","62589925","1373549","45.57"
"3G","104/5","亞太電信股份有限公司","115001633","1419818","81"
"3G","104/5","遠傳電信股份有限公司","411347360","5363552","76.69"
"2G","104/5","中華電信股份有限公司","82690317","1134259","72.9"
"2G","104/5","台灣大哥大股份有限公司","7318294","356654","20.52"
"2G","104/5","遠傳電信股份有限公司","3672179","149792","24.52"
"4G","104/4","所有業者","633601177","5852935","108.25"
"3G","104/4","中華電信股份有限公司","689734943","7782528","88.63"
"3G","104/4","台灣大哥大股份有限公司","299170433","5366219","55.75"
"3G","104/4","台灣之星電信股份有限公司","62441634","1376881","45.35"
"3G","104/4","亞太電信股份有限公司","124157839","1489598","83.35"
"3G","104/4","遠傳電信股份有限公司","420678131","5510448","76.34"
"2G","104/4","中華電信股份有限公司","90242630","1191400","75.75"
"2G","104/4","台灣大哥大股份有限公司","7773415","381636","20.37"
"2G","104/4","遠傳電信股份有限公司","5305360","186721","28.41"
"4G","104/3","所有業者","549996097","5261698","104.53"
"3G","104/3","中華電信股份有限公司","613433789","8001832","76.66"
"3G","104/3","台灣大哥大股份有限公司","329376090","5465235","60.27"
"3G","104/3","台灣之星電信股份有限公司","59614833","1393723","42.77"
"3G","104/3","亞太電信股份有限公司","132739999","1565453","84.79"
"3G","104/3","遠傳電信股份有限公司","465821348","5582748","83.44"
"2G","104/3","中華電信股份有限公司","74884685","1265741","59.16"
"2G","104/3","台灣大哥大股份有限公司","8858286","392048","22.59"
"2G","104/3","遠傳電信股份有限公司","7722588","291599","26.48"
"4G","104/2","所有業者","471446670","4598777","102.52"
"3G","104/2","中華電信股份有限公司","723192176","8121671","89.04"
"3G","104/2","台灣大哥大股份有限公司","305782452","5604619","54.56"
"3G","104/2","台灣之星電信股份有限公司","61553708","1421527","43.3"
"3G","104/2","亞太電信股份有限公司","114264820","1650078","69.25"
"3G","104/2","遠傳電信股份有限公司","432418273","5683309","76.09"
"2G","104/2","中華電信股份有限公司","92205540","1338989","68.86"
"2G","104/2","台灣大哥大股份有限公司","8889101","418922","21.22"
"2G","104/2","遠傳電信股份有限公司","13072964","401261","32.58"
"4G","104/1","所有業者","443540018","4023940","110.23"
"3G","104/1","中華電信股份有限公司","766598055","8212127","93.35"
"3G","104/1","台灣大哥大股份有限公司","352813292","5767660","61.17"
"3G","104/1","台灣之星電信股份有限公司","71730615","1431810","50.1"
"3G","104/1","亞太電信股份有限公司","148814786","1709924","87.03"
"3G","104/1","遠傳電信股份有限公司","505057032","5806224","86.99"
"2G","104/1","中華電信股份有限公司","99689887","1395838","71.42"
"2G","104/1","台灣大哥大股份有限公司","9849599","431278","22.84"
"2G","104/1","遠傳電信股份有限公司","15525277","461617","33.63"
"4G","103/12","所有業者","305317610.4","3449307","88.52"
"3G","103/12","中華電信股份有限公司","804807426","8330491","96.61"
"3G","103/12","台灣大哥大股份有限公司","385078657","5928117","64.96"
"3G","103/12","亞太電信股份有限公司","175948174","1784111","98.62"
"3G","103/12","威寶電信股份有限公司(至103年12止)","76450830","1447292","52.82"
"3G","103/12","遠傳電信股份有限公司","539256859","5964744","90.41"
"2G","103/12","中華電信股份有限公司","95044530","1464893","64.88"
"2G","103/12","台灣大哥大股份有限公司","10743339","444368","24.18"
"2G","103/12","遠傳電信股份有限公司","17856328","488066","36.59"
"4G","103/11","所有業者","225787446.4","2785716","81.05"
"3G","103/11","中華電信股份有限公司","859169388","8482138","101.29"
"3G","103/11","台灣大哥大股份有限公司","390577396","6175054","63.25"
"3G","103/11","亞太電信股份有限公司","176917557","1840255","96.14"
"3G","103/11","威寶電信股份有限公司(至103年12止)","75053954","1468044","51.13"
"3G","103/11","遠傳電信股份有限公司","539748281","6090128","88.63"
"2G","103/11","中華電信股份有限公司","106710939","1544831","69.08"
"2G","103/11","台灣大哥大股份有限公司","11176500","458710","24.37"
"2G","103/11","遠傳電信股份有限公司","18794912","513042","36.63"
"4G","103/10","所有業者","151062750.8","2103521","71.81"
"3G","103/10","中華電信股份有限公司","872975682","8640826","101.03"
"3G","103/10","台灣大哥大股份有限公司","447049876","6421807","69.61"
"3G","103/10","亞太電信股份有限公司","197101267","1874039","105.17"
"3G","103/10","威寶電信股份有限公司(至103年12止)","82645697","1500367","55.08"
"3G","103/10","遠傳電信股份有限公司","602519835","6235091","96.63"
"2G","103/10","中華電信股份有限公司","109700058","1619208","67.75"
"2G","103/10","台灣大哥大股份有限公司","12553248","473200","26.53"
"2G","103/10","遠傳電信股份有限公司","21457025","533187","40.24"
"4G","103/9","所有業者","84156082.83","1168738","72.01"
"3G","103/9","中華電信股份有限公司","909107970","8959794","101.47"
"3G","103/9","台灣大哥大股份有限公司","474684505","6698383","70.87"
"3G","103/9","亞太電信股份有限公司","206405398","1920622","107.47"
"3G","103/9","威寶電信股份有限公司(至103年12止)","89120735","1558699","57.18"
"3G","103/9","遠傳電信股份有限公司","634326511","6401283","99.09"
"2G","103/9","中華電信股份有限公司","113491092","1697813","66.85"
"2G","103/9","台灣大哥大股份有限公司","13471647","492430","27.36"
"2G","103/9","遠傳電信股份有限公司","23401803","554414","42.21"
"4G","103/8","所有業者","51333626.95","643094","79.82"
"3G","103/8","中華電信股份有限公司","930568067","9031424","103.04"
"3G","103/8","台灣大哥大股份有限公司","496991153","6790323","73.19"
"3G","103/8","亞太電信股份有限公司","221113397","1955055","113.1"
"3G","103/8","威寶電信股份有限公司(至103年12止)","97334312","1625860","59.87"
"3G","103/8","遠傳電信股份有限公司","669316498","6505026","102.89"
"2G","103/8","中華電信股份有限公司","123129565","1786878","68.91"
"2G","103/8","台灣大哥大股份有限公司","15009040","510196","29.42"
"2G","103/8","遠傳電信股份有限公司","26451387","575506","45.96"
"4G","103/7","所有業者","19764202.32","343687","57.51"
"3G","103/7","中華電信股份有限公司","900060990","8956735","100.49"
"3G","103/7","台灣大哥大股份有限公司","525489122","6807409","77.19"
"3G","103/7","亞太電信股份有限公司","239182574","1991271","120.12"
"3G","103/7","威寶電信股份有限公司(至103年12止)","101317070","1639016","61.82"
"3G","103/7","遠傳電信股份有限公司","713892081","6598613","108.19"
"2G","103/7","中華電信股份有限公司","123343520","1890407","65.25"
"2G","103/7","台灣大哥大股份有限公司","16606286","532902","31.16"
"2G","103/7","遠傳電信股份有限公司","30315984","603161","50.26"
"4G","103/6","所有業者","1129065.883","103905","10.87"
"3G","103/6","中華電信股份有限公司","927701688","8876737","104.51"
"3G","103/6","台灣大哥大股份有限公司","520234312","6823700","76.24"
"3G","103/6","亞太電信股份有限公司","244162858","2025234","120.56"
"3G","103/6","威寶電信股份有限公司(至103年12止)","101938183","1728210","58.98"
"3G","103/6","遠傳電信股份有限公司","712251660","6653729","107.05"
"2G","103/6","中華電信股份有限公司","133884235","1999077","66.97"
"2G","103/6","台灣大哥大股份有限公司","18660075","558906","33.39"
"2G","103/6","遠傳電信股份有限公司","32102668","629232","51.02"
"4G","103/5","所有業者","1682","3047","0.55"
"3G","103/5","中華電信股份有限公司","886541282","8739002","101.45"
"3G","103/5","台灣大哥大股份有限公司","547741897","6805966","80.48"
"3G","103/5","亞太電信股份有限公司","266452736","2048112","130.1"
"3G","103/5","威寶電信股份有限公司(至103年12止)","109624771","1731537","63.31"
"3G","103/5","遠傳電信股份有限公司","748941263","6628406","112.99"
"2G","103/5","中華電信股份有限公司","134950459","2118059","63.71"
"2G","103/5","台灣大哥大股份有限公司","19815087","585249","33.86"
"2G","103/5","遠傳電信股份有限公司","36441211","655946","55.56"
"3G","103/4","中華電信股份有限公司","903806322","8574748","105.4"
"3G","103/4","台灣大哥大股份有限公司","531500681","6736209","78.9"
"3G","103/4","亞太電信股份有限公司","267742044","2069496","129.38"
"3G","103/4","威寶電信股份有限公司(至103年12止)","110255687","1729392","63.75"
"3G","103/4","遠傳電信股份有限公司","728387158","6573106","110.81"
"2G","103/4","中華電信股份有限公司","143609005","2234090","64.28"
"2G","103/4","台灣大哥大股份有限公司","21039148","617966","34.05"
"2G","103/4","遠傳電信股份有限公司","39796436","682339","58.32"
"3G","103/3","中華電信股份有限公司","789074085","8438187","93.51"
"3G","103/3","台灣大哥大股份有限公司","555031416","6652689","83.43"
"3G","103/3","亞太電信股份有限公司","278823862","2091744","133.3"
"3G","103/3","威寶電信股份有限公司(至103年12止)","119203433","1726541","69.04"
"3G","103/3","遠傳電信股份有限公司","759460621","6523102","116.43"
"2G","103/3","中華電信股份有限公司","129725832","2344707","55.33"
"2G","103/3","台灣大哥大股份有限公司","24178899","653338","37.01"
"2G","103/3","遠傳電信股份有限公司","46056641","710322","64.84"
"3G","103/2","中華電信股份有限公司","883790347","8303117","106.44"
"3G","103/2","台灣大哥大股份有限公司","506139725","6576840","76.96"
"3G","103/2","亞太電信股份有限公司","260945331","2117795","123.22"
"3G","103/2","威寶電信股份有限公司(至103年12止)","106323526","1699636","62.56"
"3G","103/2","遠傳電信股份有限公司","685174097","6479572","105.74"
"2G","103/2","中華電信股份有限公司","154304267","2440396","63.23"
"2G","103/2","台灣大哥大股份有限公司","25011409","691346","36.18"
"2G","103/2","遠傳電信股份有限公司","46599611","739722","63"
"3G","103/1","中華電信股份有限公司","890146331","8174118","108.9"
"3G","103/1","台灣大哥大股份有限公司","575989336","6512235","88.45"
"3G","103/1","亞太電信股份有限公司","306452448","2156153","142.13"
"3G","103/1","威寶電信股份有限公司(至103年12止)","123918070","1675885","73.94"
"3G","103/1","遠傳電信股份有限公司","778294699","6422028","121.19"
"2G","103/1","中華電信股份有限公司","165896282","2529436","65.59"
"2G","103/1","台灣大哥大股份有限公司","29797789","733678","40.61"
"2G","103/1","遠傳電信股份有限公司","54476937","769606","70.79"
"3G","102/12","中華電信股份有限公司","832012531","8036591","103.53"
"3G","102/12","台灣大哥大股份有限公司","577884232","6441518","89.71"
"3G","102/12","亞太電信股份有限公司","321883451","2196839","146.52"
"3G","102/12","威寶電信股份有限公司(至103年12止)","124783664","1737251","71.83"
"3G","102/12","遠傳電信股份有限公司","776987971","6359958","122.17"
"2G","102/12","中華電信股份有限公司","168270751","2619759","64.23"
"2G","102/12","台灣大哥大股份有限公司","32341463","783722","41.27"
"2G","102/12","遠傳電信股份有限公司","57365186","801645","71.56"
"3G","102/11","中華電信股份有限公司","849162122","7883827","107.71"
"3G","102/11","台灣大哥大股份有限公司","553376061","6356655","87.05"
"3G","102/11","亞太電信股份有限公司","319751269","2239097","142.8"
"3G","102/11","威寶電信股份有限公司(至103年12止)","122599868","1783203","68.75"
"3G","102/11","遠傳電信股份有限公司","745629255","6301890","118.32"
"2G","102/11","中華電信股份有限公司","183119207","2740380","66.82"
"2G","102/11","台灣大哥大股份有限公司","34305479","840929","40.79"
"2G","102/11","遠傳電信股份有限公司","58348467","834009","69.96"
"3G","102/10","中華電信股份有限公司","820064597","7750714","105.81"
"3G","102/10","台灣大哥大股份有限公司","578872847","6283906","92.12"
"3G","102/10","亞太電信股份有限公司","349237326","2291118","152.43"
"3G","102/10","威寶電信股份有限公司(至103年12止)","131274167","1796268","73.08"
"3G","102/10","遠傳電信股份有限公司","777184961","6249247","124.36"
"2G","102/10","中華電信股份有限公司","183347403","2835683","64.66"
"2G","102/10","台灣大哥大股份有限公司","38860174","891543","43.59"
"2G","102/10","遠傳電信股份有限公司","64655846","863263","74.9"
"3G","102/9","中華電信股份有限公司","844256503.5","7625831","110.71"
"3G","102/9","台灣大哥大股份有限公司","574134563","6213596","92.4"
"3G","102/9","亞太電信股份有限公司","361107393","2343950","154.06"
"3G","102/9","威寶電信股份有限公司(至103年12止)","132566111.8","1784918","74.27"
"3G","102/9","遠傳電信股份有限公司","761177641","6192485","122.92"
"2G","102/9","中華電信股份有限公司","198529379","2924599","67.88"
"2G","102/9","台灣大哥大股份有限公司","42173133","944052","44.67"
"2G","102/9","遠傳電信股份有限公司","74556020","896364","83.18"
"3G","102/8","中華電信股份有限公司","856172489.6","7497115","114.2"
"3G","102/8","台灣大哥大股份有限公司","597739535","6149489","97.2"
"3G","102/8","亞太電信股份有限公司","400331290","2394830","167.16"
"3G","102/8","威寶電信股份有限公司(至103年12止)","144531105.3","1768933","81.71"
"3G","102/8","遠傳電信股份有限公司","784434623.8","6131989","127.92"
"2G","102/8","中華電信股份有限公司","213077716","3003588","70.94"
"2G","102/8","台灣大哥大股份有限公司","46925784","987467","47.52"
"2G","102/8","遠傳電信股份有限公司","90102968","929259","96.96"
"3G","102/7","中華電信股份有限公司","819803434","7366738","111.28"
"3G","102/7","台灣大哥大股份有限公司","613741452","6093271","100.72"
"3G","102/7","亞太電信股份有限公司","429172030","2454904","174.82"
"3G","102/7","威寶電信股份有限公司(至103年12止)","150529766","1751543","85.94"
"3G","102/7","遠傳電信股份有限公司","795344790","6067177","131.09"
"2G","102/7","中華電信股份有限公司","208820616","3092099","67.53"
"2G","102/7","台灣大哥大股份有限公司","50916878","1024910","49.68"
"2G","102/7","遠傳電信股份有限公司","102916192","967431","106.38"
"3G","102/6","中華電信股份有限公司","848230510","7239689","117.16"
"3G","102/6","台灣大哥大股份有限公司","596783629","6046422","98.7"
"3G","102/6","亞太電信股份有限公司","434465438","2509673","173.12"
"3G","102/6","威寶電信股份有限公司(至103年12止)","150728560","1735262","86.86"
"3G","102/6","遠傳電信股份有限公司","773134409","5997428","128.91"
"2G","102/6","中華電信股份有限公司","225211733","3180826","70.8"
"2G","102/6","台灣大哥大股份有限公司","52227845","1059738","49.28"
"2G","102/6","遠傳電信股份有限公司","104388232","1000779","104.31"
"3G","102/5","中華電信股份有限公司","794944299.8","7147203","111.22"
"3G","102/5","台灣大哥大股份有限公司","623617303","6004125","103.86"
"3G","102/5","亞太電信股份有限公司","482988235","2559772","188.68"
"3G","102/5","威寶電信股份有限公司(至103年12止)","165885885.3","1717741","96.57"
"3G","102/5","遠傳電信股份有限公司","807229573.5","5934149","136.03"
"2G","102/5","中華電信股份有限公司","217267139","3243500","66.99"
"2G","102/5","台灣大哥大股份有限公司","56713893","1085988","52.22"
"2G","102/5","遠傳電信股份有限公司","112142904","1034439","108.41"
"3G","102/4","中華電信股份有限公司","815105020","7052253","115.58"
"3G","102/4","台灣大哥大股份有限公司","596447173","5957439","100.12"
"3G","102/4","亞太電信股份有限公司","487173721","2619439","185.98"
"3G","102/4","威寶電信股份有限公司(至103年12止)","166766878","1701296","98.02"
"3G","102/4","遠傳電信股份有限公司","773595456","5869512","131.8"
"2G","102/4","中華電信股份有限公司","230685853","3311602","69.66"
"2G","102/4","台灣大哥大股份有限公司","57685002","1112957","51.83"
"2G","102/4","遠傳電信股份有限公司","112474501","1069444","105.17"
"3G","102/3","中華電信股份有限公司","702667254","6981400","100.65"
"3G","102/3","台灣大哥大股份有限公司","625551348","5910875","105.83"
"3G","102/3","亞太電信股份有限公司","523381708","2690879","194.5"
"3G","102/3","威寶電信股份有限公司(至103年12止)","179802732","1710805","105.1"
"3G","102/3","遠傳電信股份有限公司","801073932","5818421","137.68"
"2G","102/3","中華電信股份有限公司","204847518","3372109","60.75"
"2G","102/3","台灣大哥大股份有限公司","64044912","1139032","56.23"
"2G","102/3","遠傳電信股份有限公司","119699126","1096419","109.17"
"3G","102/2","中華電信股份有限公司","806382222","6891053","117.02"
"3G","102/2","台灣大哥大股份有限公司","563191596","5871275","95.92"
"3G","102/2","亞太電信股份有限公司","480339021","2750851","174.61"
"3G","102/2","威寶電信股份有限公司(至103年12止)","163965130","1694805","96.75"
"3G","102/2","遠傳電信股份有限公司","717963922","5781555","124.18"
"2G","102/2","中華電信股份有限公司","247803874","3434211","72.16"
"2G","102/2","台灣大哥大股份有限公司","63513320","1165558","54.49"
"2G","102/2","遠傳電信股份有限公司","113605960","1129694","100.56"
"3G","102/1","中華電信股份有限公司","795610849","6797438","117.05"
"3G","102/1","台灣大哥大股份有限公司","628870801","5826482","107.93"
"3G","102/1","亞太電信股份有限公司","583751261","2800539","208.44"
"3G","102/1","威寶電信股份有限公司(至103年12止)","195484726","1682496","116.19"
"3G","102/1","遠傳電信股份有限公司","806460435","5724750","140.87"
"2G","102/1","中華電信股份有限公司","250434185","3497051","71.61"
"2G","102/1","台灣大哥大股份有限公司","69740525","1194020","58.41"
"2G","102/1","遠傳電信股份有限公司","122946371","1161361","105.86"
"3G","101/12","中華電信股份有限公司","759950880","6697428","113.47"
"3G","101/12","台灣大哥大股份有限公司","631451878","5781758","109.21"
"3G","101/12","亞太電信股份有限公司","592134987","2860762","206.99"
"3G","101/12","威寶電信股份有限公司(至103年12止)","199753450","1669669","119.64"
"3G","101/12","遠傳電信股份有限公司","799163692","5666932","141.02"
"2G","101/12","中華電信股份有限公司","246646197","3571271","69.06"
"2G","101/12","台灣大哥大股份有限公司","74279988","1230268","60.38"
"2G","101/12","遠傳電信股份有限公司","127147215","1197044","106.22"
"3G","101/11","中華電信股份有限公司","780093764","6616209","117.91"
"3G","101/11","台灣大哥大股份有限公司","605050824","5731827","105.56"
"3G","101/11","亞太電信股份有限公司","595040108","2911078","204.41"
"3G","101/11","威寶電信股份有限公司(至103年12止)","197288210","1658744","118.94"
"3G","101/11","遠傳電信股份有限公司","760790866","5604172","135.75"
"2G","101/11","中華電信股份有限公司","258618894","3620455","71.43"
"2G","101/11","台灣大哥大股份有限公司","74295826","1260421","58.95"
"2G","101/11","遠傳電信股份有限公司","124286679","1248216","99.57"
"3G","101/10","中華電信股份有限公司","759524094","6561339","115.76"
"3G","101/10","台灣大哥大股份有限公司","632443177","5681553","111.32"
"3G","101/10","亞太電信股份有限公司","638845021","2949586","216.59"
"3G","101/10","威寶電信股份有限公司(至103年12止)","208623741","1653169","126.2"
"3G","101/10","遠傳電信股份有限公司","792377640","5550953","142.75"
"2G","101/10","中華電信股份有限公司","257233651","3660465","70.27"
"2G","101/10","台灣大哥大股份有限公司","80966799","1289435","62.79"
"2G","101/10","遠傳電信股份有限公司","133116957","1277680","104.19"
"3G","101/9","中華電信股份有限公司","786426968","6505628","120.88"
"3G","101/9","台灣大哥大股份有限公司","618401358","5626720","109.9"
"3G","101/9","亞太電信股份有限公司","648111359","2979364","217.53"
"3G","101/9","威寶電信股份有限公司(至103年12止)","206253577","1662999","124.03"
"3G","101/9","遠傳電信股份有限公司","771181288","5494091","140.37"
"2G","101/9","中華電信股份有限公司","274657117","3701138","74.21"
"2G","101/9","台灣大哥大股份有限公司","81807812","1318415","62.05"
"2G","101/9","遠傳電信股份有限公司","133651252","1305203","102.4"
"3G","101/8","中華電信股份有限公司","776036538","6445213","120.41"
"3G","101/8","台灣大哥大股份有限公司","648614939","5569739","116.45"
"3G","101/8","亞太電信股份有限公司","715711833","2997761","238.75"
"3G","101/8","威寶電信股份有限公司(至103年12止)","220113759","1689488","130.28"
"3G","101/8","遠傳電信股份有限公司","807038486","5430077","148.62"
"2G","101/8","中華電信股份有限公司","279098673","3727696","74.87"
"2G","101/8","台灣大哥大股份有限公司","88177676","1341770","65.72"
"2G","101/8","遠傳電信股份有限公司","145176066","1334565","108.78"
"3G","101/7","中華電信股份有限公司","760980179","6381454","119.25"
"3G","101/7","台灣大哥大股份有限公司","646729648","5499346","117.6"
"3G","101/7","亞太電信股份有限公司","698347968","3015042","231.62"
"3G","101/7","威寶電信股份有限公司(至103年12止)","221747893","1689043","131.29"
"3G","101/7","遠傳電信股份有限公司","807241294","5362275","150.54"
"2G","101/7","中華電信股份有限公司","279251971","3766676","74.14"
"2G","101/7","台灣大哥大股份有限公司","90321339","1365869","66.13"
"2G","101/7","遠傳電信股份有限公司","148486478","1364740","108.8"
"3G","101/6","中華電信股份有限公司","764414551","6322361","120.91"
"3G","101/6","台灣大哥大股份有限公司","640585762","5429603","117.98"
"3G","101/6","亞太電信股份有限公司","721468105","3029602","238.14"
"3G","101/6","威寶電信股份有限公司(至103年12止)","224150261","1692083","132.47"
"3G","101/6","遠傳電信股份有限公司","802183402","5296674","151.45"
"2G","101/6","中華電信股份有限公司","287293302","3805027","75.5"
"2G","101/6","台灣大哥大股份有限公司","90952652","1391308","65.37"
"2G","101/6","遠傳電信股份有限公司","153798229","1392334","110.46"
"3G","101/5","中華電信股份有限公司","719905217","6266254","114.89"
"3G","101/5","台灣大哥大股份有限公司","647586402","5370524","120.58"
"3G","101/5","亞太電信股份有限公司","755969182","3036126","248.99"
"3G","101/5","威寶電信股份有限公司(至103年12止)","231176034","1693005","136.55"
"3G","101/5","遠傳電信股份有限公司","812218195","5238661","155.04"
"2G","101/5","中華電信股份有限公司","274910904","3842324","71.55"
"2G","101/5","台灣大哥大股份有限公司","94368707","1414348","66.72"
"2G","101/5","遠傳電信股份有限公司","162886525","1417260","114.93"
"3G","101/4","中華電信股份有限公司","755736331","6217432","121.55"
"3G","101/4","台灣大哥大股份有限公司","618419905","5315679","116.34"
"3G","101/4","亞太電信股份有限公司","748432208","3041867","246.04"
"3G","101/4","威寶電信股份有限公司(至103年12止)","226749276","1697309","133.59"
"3G","101/4","遠傳電信股份有限公司","786179795","5180580","151.76"
"2G","101/4","中華電信股份有限公司","292333389","3879674","75.35"
"2G","101/4","台灣大哥大股份有限公司","93025409","1440135","64.59"
"2G","101/4","遠傳電信股份有限公司","162312711","1446854","112.18"
"3G","101/3","中華電信股份有限公司","687525696","6180336","111.24"
"3G","101/3","台灣大哥大股份有限公司","649937958","5271634","123.29"
"3G","101/3","亞太電信股份有限公司","799327683","3047771","262.27"
"3G","101/3","威寶電信股份有限公司(至103年12止)","241083375","1703902","141.49"
"3G","101/3","遠傳電信股份有限公司","806766594","5128700","157.3"
"2G","101/3","中華電信股份有限公司","269129951","3911017","68.81"
"2G","101/3","台灣大哥大股份有限公司","99854900","1463421","68.23"
"2G","101/3","遠傳電信股份有限公司","170506853","1473467","115.72"
"3G","101/2","中華電信股份有限公司","712325955","6132174","116.16"
"3G","101/2","台灣大哥大股份有限公司","606803670","5213906","116.38"
"3G","101/2","亞太電信股份有限公司","772679416","3067899","251.86"
"3G","101/2","威寶電信股份有限公司(至103年12止)","233684508","1701026","137.38"
"3G","101/2","遠傳電信股份有限公司","734000868","5068503","144.82"
"2G","101/2","中華電信股份有限公司","282120281","3942338","71.56"
"2G","101/2","台灣大哥大股份有限公司","97364642","1497669","65.01"
"2G","101/2","遠傳電信股份有限公司","160024573","1509223","106.03"
"3G","101/1","中華電信股份有限公司","705472309","6093587","115.77"
"3G","101/1","台灣大哥大股份有限公司","629153285","5154521","122.06"
"3G","101/1","亞太電信股份有限公司","800191399","3085047","259.38"
"3G","101/1","威寶電信股份有限公司(至103年12止)","248503556","1692972","146.79"
"3G","101/1","遠傳電信股份有限公司","748424221","4999535","149.7"
"2G","101/1","中華電信股份有限公司","288485721","3986955","72.36"
"2G","101/1","台灣大哥大股份有限公司","108737108","1535658","70.81"
"2G","101/1","遠傳電信股份有限公司","169567376","1546214","109.67"
"3G","100/12","中華電信股份有限公司","647534790","6047122","107.08"
"3G","100/12","台灣大哥大股份有限公司","628873158","5090203","123.55"
"3G","100/12","亞太電信股份有限公司","816242221","3100121","263.29"
"3G","100/12","威寶電信股份有限公司(至103年12止)","260676799","1687348","154.49"
"3G","100/12","遠傳電信股份有限公司","742793624","4935537","150.5"
"2G","100/12","中華電信股份有限公司","268475829","4024898","66.7"
"2G","100/12","台灣大哥大股份有限公司","108892888","1572757","69.24"
"2G","100/12","遠傳電信股份有限公司","168768532","1587018","106.34"
"3G","100/11","中華電信股份有限公司","641963073","5975770","107.43"
"3G","100/11","台灣大哥大股份有限公司","601194637","5024738","119.65"
"3G","100/11","亞太電信股份有限公司","798497526","3108338","256.89"
"3G","100/11","威寶電信股份有限公司(至103年12止)","258748062","1679420","154.07"
"3G","100/11","遠傳電信股份有限公司","699775411","4878335","143.45"
"2G","100/11","中華電信股份有限公司","268364341","4030522","66.58"
"2G","100/11","台灣大哥大股份有限公司","107412623","1609481","66.74"
"2G","100/11","遠傳電信股份有限公司","161581511","1624168","99.49"
"3G","100/10","中華電信股份有限公司","637594499","5924122","107.63"
"3G","100/10","台灣大哥大股份有限公司","608231699","4959940","122.63"
"3G","100/10","亞太電信股份有限公司","817730013","3110912","262.86"
"3G","100/10","威寶電信股份有限公司(至103年12止)","272134523","1673943","162.57"
"3G","100/10","遠傳電信股份有限公司","707248618","4832698","146.35"
"2G","100/10","中華電信股份有限公司","272014139","4047046","67.21"
"2G","100/10","台灣大哥大股份有限公司","112904490","1641374","68.79"
"2G","100/10","遠傳電信股份有限公司","166732517","1654592","100.77"
"3G","100/9","中華電信股份有限公司","649924133","5885199","110.43"
"3G","100/9","台灣大哥大股份有限公司","593305668","4900272","121.08"
"3G","100/9","亞太電信股份有限公司","813084105","3104492","261.91"
"3G","100/9","威寶電信股份有限公司(至103年12止)","249671539","1666325","149.83"
"3G","100/9","遠傳電信股份有限公司","693306794","4790396","144.73"
"2G","100/9","中華電信股份有限公司","283371816","4071286","69.6"
"2G","100/9","台灣大哥大股份有限公司","113348082","1673240","67.74"
"2G","100/9","遠傳電信股份有限公司","163823266","1682789","97.35"
"3G","100/8","中華電信股份有限公司","644404957","5829080","110.55"
"3G","100/8","台灣大哥大股份有限公司","603514844","4836370","124.79"
"3G","100/8","亞太電信股份有限公司","868697102","3089541","281.17"
"3G","100/8","威寶電信股份有限公司(至103年12止)","292222357","1658220","176.23"
"3G","100/8","遠傳電信股份有限公司","717503919","4738110","151.43"
"2G","100/8","中華電信股份有限公司","284255087","4094409","69.43"
"2G","100/8","台灣大哥大股份有限公司","117958429","1707544","69.08"
"2G","100/8","遠傳電信股份有限公司","172343200","1708878","100.85"
"3G","100/7","中華電信股份有限公司","631033347","5774020","109.29"
"3G","100/7","台灣大哥大股份有限公司","589485326","4760803","123.82"
"3G","100/7","亞太電信股份有限公司","851391571","3069206","277.4"
"3G","100/7","威寶電信股份有限公司(至103年12止)","287922559","1654716","174"
"3G","100/7","遠傳電信股份有限公司","649877123","4680583","138.85"
"2G","100/7","中華電信股份有限公司","280409759","4122038","68.03"
"2G","100/7","台灣大哥大股份有限公司","120709760","1746823","69.1"
"2G","100/7","遠傳電信股份有限公司","182016276","1740556","104.57"
"3G","100/6","中華電信股份有限公司","639261337","5722244","111.72"
"3G","100/6","台灣大哥大股份有限公司","557008644","4693481","118.68"
"3G","100/6","亞太電信股份有限公司","834618796","3047110","273.91"
"3G","100/6","威寶電信股份有限公司(至103年12止)","308598256","1654440","186.53"
"3G","100/6","遠傳電信股份有限公司","582866892","4628913","125.92"
"2G","100/6","中華電信股份有限公司","285335255","4139955","68.92"
"2G","100/6","台灣大哥大股份有限公司","117618502","1780793","66.05"
"2G","100/6","遠傳電信股份有限公司","174883332","1769422","98.84"
"3G","100/5","中華電信股份有限公司","610609029","5674649","107.6"
"3G","100/5","台灣大哥大股份有限公司","548896625","4633354","118.47"
"3G","100/5","亞太電信股份有限公司","872891530","3026141","288.45"
"3G","100/5","威寶電信股份有限公司(至103年12止)","371651379","1662033","223.61"
"3G","100/5","遠傳電信股份有限公司","588000296","4568847","128.7"
"2G","100/5","中華電信股份有限公司","275213191","4160878","66.14"
"2G","100/5","台灣大哥大股份有限公司","117147839","1813697","64.59"
"2G","100/5","遠傳電信股份有限公司","165994740","1792475","92.61"
"3G","100/4","中華電信股份有限公司","636867802","5638280","112.95"
"3G","100/4","台灣大哥大股份有限公司","508671223","4582165","111.01"
"3G","100/4","亞太電信股份有限公司","836263365","3000246","278.73"
"3G","100/4","威寶電信股份有限公司(至103年12止)","396639249","1785583","222.13"
"3G","100/4","遠傳電信股份有限公司","559077342","4509378","123.98"
"2G","100/4","中華電信股份有限公司","292707819","4171454","70.17"
"2G","100/4","台灣大哥大股份有限公司","111466819","1849341","60.27"
"2G","100/4","遠傳電信股份有限公司","147198975","1822492","80.77"
"3G","100/3","中華電信股份有限公司","550195385","5603621","98.19"
"3G","100/3","台灣大哥大股份有限公司","530788592","4536332","117.01"
"3G","100/3","亞太電信股份有限公司","877896051","2968433","295.74"
"3G","100/3","威寶電信股份有限公司(至103年12止)","399926089","1777841","224.95"
"3G","100/3","遠傳電信股份有限公司","606060333","4463336","135.79"
"2G","100/3","中華電信股份有限公司","253755329","4180397","60.7"
"2G","100/3","台灣大哥大股份有限公司","118516838","1881080","63"
"2G","100/3","遠傳電信股份有限公司","140761203","1850022","76.09"
"3G","100/2","中華電信股份有限公司","624353544","5553031","112.43"
"3G","100/2","台灣大哥大股份有限公司","462127580","4489312","102.94"
"3G","100/2","亞太電信股份有限公司","762789882","2932184","260.14"
"3G","100/2","威寶電信股份有限公司(至103年12止)","349139407","1739305","200.74"
"3G","100/2","遠傳電信股份有限公司","529842256","4420375","119.86"
"2G","100/2","中華電信股份有限公司","295988988","4199813","70.48"
"2G","100/2","台灣大哥大股份有限公司","112831400","1917343","58.85"
"2G","100/2","遠傳電信股份有限公司","132532460","1881080","70.46"
"3G","100/1","中華電信股份有限公司","623474108","5493773","113.49"
"3G","100/1","台灣大哥大股份有限公司","512315561","4450220","115.12"
"3G","100/1","亞太電信股份有限公司","837577460","2892390","289.58"
"3G","100/1","威寶電信股份有限公司(至103年12止)","387937313","1739305","223.04"
"3G","100/1","遠傳電信股份有限公司","585324809","4368967","133.97"
"2G","100/1","中華電信股份有限公司","300537586","4224870","71.14"
"2G","100/1","台灣大哥大股份有限公司","125845843","1954906","64.37"
"2G","100/1","遠傳電信股份有限公司","145819829","1911347","76.29"
